,total_ord_spend,total_ord_spend,total_ord_spend,total_ord_spend
,count,max,mean,min
buying_power,,,,
Dependant of someone,7608,16048.1,1518.4714905362775,14.399999999999999
Dual income with multiple kids,76160,26394.9,1485.770179884454,7.0
Dual income with single kid,38134,22696.9,1473.9036371741752,6.800000000000001
Single income with no kids,40725,24307.1,1480.1522823818293,5.0
