,total_ord_spend,total_ord_spend,total_ord_spend,total_ord_spend
,count,max,mean,min
Age_alcohol_level,,,,
Middle-aged Alcohol consumer,7624,17017.2,1375.8203961175236,24.4
Middle-aged Non-alcohol consumer,86222,24307.1,1492.0250353738024,5.0
Senior Alcohol consumer,2869,18138.2,1363.359532938306,15.600000000000001
Senior Non-alcohol consumer,32907,26394.9,1492.0861670769136,6.800000000000001
Young adult Alcohol consumer,2657,12226.6,1398.0666917576214,22.6
Young adult Non-alcohol consumer,30348,18883.2,1493.771335837617,10.0
